{
  "project": "CascadeExit: Adaptive Early-Exit Speculative Decoding",
  "author": "Alireza Shojaei",
  "completion_time": "2026-02-10T09:26:27.327694",
  "total_runtime_hours": 7.031197274327278,
  "gpu": "NVIDIA A100-SXM4-80GB",
  "base_model": "meta-llama/Llama-3.2-3B",
  "base_model_params": 3212749824,
  "exit_adapter_params": 16525827,
  "parameter_overhead_percent": 0.5143826287546005,
  "exit_head_accuracy": {
    "layer_8": 0.4138617090671885,
    "layer_16": 0.5441536203522505,
    "layer_22": 0.6737687540769732
  },
  "exit_head_top5": {
    "layer_8": 0.6394243313763862,
    "layer_16": 0.770735485975212,
    "layer_22": 0.8916340508806262
  },
  "perplexity": {
    "full_model": {
      "avg_ce_loss": 2.328577919678212,
      "perplexity": 10.263335862320714
    },
    "exit_8": {
      "avg_ce_loss": 4.306455379120291,
      "perplexity": 74.17709272459794
    },
    "exit_16": {
      "avg_ce_loss": 3.4734162893873837,
      "perplexity": 32.24671860514579
    },
    "exit_22": {
      "avg_ce_loss": 2.8939463199981272,
      "perplexity": 18.06445725242769
    }
  },
  "best_speculative_config": "spec_L22_K3",
  "best_speculative_speedup": 0.8443419232742307,
  "best_acceptance_rate": 0.5510737222315487,
  "cascade_speedup": 1.7579565393590277,
  "cascade_avg_cost": 0.4137555803571427,
  "cascade_exit_distribution": {
    "8": 1667,
    "16": 628,
    "22": 191,
    "full": 74
  },
  "quality_match_rate": 20.0,
  "training_config": {
    "train_samples": 20000,
    "epochs": 3,
    "learning_rate": 0.0003,
    "distill_temperature": 2.0
  }
}