{
  "spec_L8_K3": {
    "avg_time": 8.044132435321808,
    "tok_per_sec": 15.949513640107956,
    "speedup": 0.7948879270547656,
    "acceptance_rate": 0.1539886018479975
  },
  "spec_L8_K5": {
    "avg_time": 10.439350914955138,
    "tok_per_sec": 12.290036137802478,
    "speedup": 0.6125077898575875,
    "acceptance_rate": 0.09438571150387767
  },
  "spec_L8_K7": {
    "avg_time": 12.900347697734833,
    "tok_per_sec": 9.94546837078881,
    "speedup": 0.4956597997424293,
    "acceptance_rate": 0.06741836535991264
  },
  "spec_L16_K3": {
    "avg_time": 8.65064047574997,
    "tok_per_sec": 14.900630810093281,
    "speedup": 0.7426139632658574,
    "acceptance_rate": 0.30832425045809353
  },
  "spec_L16_K5": {
    "avg_time": 11.64658101797104,
    "tok_per_sec": 11.11914301718053,
    "speedup": 0.5541531072976518,
    "acceptance_rate": 0.2087046473654101
  },
  "spec_L16_K7": {
    "avg_time": 14.839475214481354,
    "tok_per_sec": 8.726723696645635,
    "speedup": 0.4349203032600684,
    "acceptance_rate": 0.15447104710065873
  },
  "spec_L22_K3": {
    "avg_time": 7.629053401947021,
    "tok_per_sec": 16.941813510836603,
    "speedup": 0.8443419232742307,
    "acceptance_rate": 0.5510737222315487
  },
  "spec_L22_K5": {
    "avg_time": 9.518873715400696,
    "tok_per_sec": 13.678088804702588,
    "speedup": 0.6816852163253453,
    "acceptance_rate": 0.4302885607149095
  },
  "spec_L22_K7": {
    "avg_time": 11.477502036094666,
    "tok_per_sec": 11.378782559940886,
    "speedup": 0.5670929587930124,
    "acceptance_rate": 0.35724070474289354
  },
  "cascade": {
    "avg_time": 3.628777098655701,
    "tok_per_sec": 35.273591218214605,
    "speedup": 1.7579565393590277,
    "avg_cost_ratio": 0.4137555803571427,
    "exit_distribution": {
      "8": 1667,
      "16": 628,
      "22": 191,
      "full": 74
    }
  },
  "standard": {
    "avg_time": 6.379232430458069,
    "tok_per_sec": 20.06510993216919
  }
}