{
  "8": {
    "threshold": 0.35,
    "precision": 0.5945512652397156,
    "exit_rate": 0.55859375,
    "f1": 0.678752601146698
  },
  "16": {
    "threshold": 0.39999999999999997,
    "precision": 0.6529008150100708,
    "exit_rate": 0.7350260615348816,
    "f1": 0.7519765496253967
  },
  "22": {
    "threshold": 0.35,
    "precision": 0.7384309768676758,
    "exit_rate": 0.8599446415901184,
    "f1": 0.8250158429145813
  }
}