{
  "8": {
    "top1_accuracy": 0.4138617090671885,
    "top5_accuracy": 0.6394243313763862,
    "avg_ce_loss": 4.307374759515127,
    "draft_cost_ratio": 0.2857142857142857,
    "mean_conf_correct": 0.5679793206257514,
    "mean_conf_wrong": 0.277440487161487,
    "speedup_K3": 0.8917085065058585,
    "speedup_K5": 0.698974314452524,
    "speedup_K7": 0.5682045431561157
  },
  "16": {
    "top1_accuracy": 0.5441536203522505,
    "top5_accuracy": 0.770735485975212,
    "avg_ce_loss": 3.5203635891278586,
    "draft_cost_ratio": 0.5714285714285714,
    "mean_conf_correct": 0.5749965340038409,
    "mean_conf_wrong": 0.2742110634032646,
    "speedup_K3": 0.7373514071331367,
    "speedup_K5": 0.5539772196316152,
    "speedup_K7": 0.43537155210341644
  },
  "22": {
    "top1_accuracy": 0.6737687540769732,
    "top5_accuracy": 0.8916340508806262,
    "avg_ce_loss": 2.9264451464017234,
    "draft_cost_ratio": 0.7857142857142857,
    "mean_conf_correct": 0.5973991497634054,
    "mean_conf_wrong": 0.30116518254095337,
    "speedup_K3": 0.7249021490295481,
    "speedup_K5": 0.563761006625227,
    "speedup_K7": 0.45155771933588135
  }
}