{
  "full_model": {
    "avg_ce_loss": 2.328577919678212,
    "perplexity": 10.263335862320714
  },
  "exit_8": {
    "avg_ce_loss": 4.306455379120291,
    "perplexity": 74.17709272459794
  },
  "exit_16": {
    "avg_ce_loss": 3.4734162893873837,
    "perplexity": 32.24671860514579
  },
  "exit_22": {
    "avg_ce_loss": 2.8939463199981272,
    "perplexity": 18.06445725242769
  }
}